query,cluster,intent,audience,problem,outcome,existing,gap,title,primary,secondary,competition,opportunity,connection,type,cta,links,priority,status
how to prepare a poster for print,Print preparation,informational,"beginner, brand owner","Has a poster design and a printer, does not know size, dpi, bleed, colour or file type",A PDF the printer accepts first time,prepare-a-poster-for-print,"none, live",How to prepare a poster for print,prepare a poster for print,"poster print settings, print ready poster",M,H,"Print presets, Canvas size for bleed, PDF at 300 dpi, Studio print PDF",guide + interactive,Start a poster in the Editor,"designing-for-print, export-for-print, workflow-event-poster",1,live
what is a print ready pdf,Print preparation,informational,"beginner, marketing person",Printer asked for a print ready PDF,Knows what the term means and whether their export qualifies,export-for-print,no page answers the term head on,"What a print-ready PDF is, and what yours needs",print ready pdf,"print ready pdf meaning, what does a print ready pdf look like, print ready pdf with bleed and crop marks",M,M,"Editor PDF is image based RGB; Studio adds bleed, marks, TrimBox",explainer,Export a PDF from the Editor,"prepare-a-poster-for-print, designing-for-print",2,live
how much bleed do i need,Print preparation,informational,beginner,Printer mentioned bleed,Knows 3 mm / 0.125 in and how to add it in pixels,designing-for-print,answer is inside a long page; needs a direct quick answer,How much bleed a print job needs,how much bleed for printing,"bleed printing example, printing bleed vs no bleed, 3mm bleed in pixels",H,M,Canvas size relative +72 px; size calculator,quick answer + calculator,Open the size calculator,"export-for-print, prepare-a-poster-for-print",2,live
crop marks vs trim marks,Print preparation,informational,print designer,Sees both terms in printer specs,Knows they are the same thing and when to add them,designing-for-print,terminology gap,"Crop marks, trim marks and bleed marks: what each one is",what are crop marks,"how to add crop marks, crop marks vs trim marks",M,M,Studio print PDF adds crop marks,explainer,Build a print package in Studio,"designing-for-print, delivering-files",3,live
why does my printed document look different than print preview,Print preparation,informational,beginner,Colours or layout differ between screen and paper,"Understands RGB to CMYK, paper, and preview scaling; knows what to check",colour-that-works,the problem phrasing is unserved (SERP is Windows troubleshooting),Why a print looks different from the screen,print looks different than screen,"print preview looks different, colours print duller, why does my print look darker",L,H,CMYK preview in the print setup demo; honest RGB-only note,problem guide + interactive,Try the print setup,"prepare-a-poster-for-print, colour-that-works",2,live
rgb vs cmyk for print,Print preparation,informational,"beginner, marketing person","Told to convert to CMYK, tool cannot",Knows to ask the printer to convert and what will shift,colour-that-works,quick-answer layer,RGB or CMYK for print: what to do in an RGB-only tool,rgb vs cmyk,"cmyk to pantone, cmyk vs rgb printing, rgb to cmyk without photoshop",H,M,"RGB export, proof advice, print setup demo",explainer,Try the print setup,designing-for-print,2,live
what dpi should a poster be,Print preparation,informational,beginner,"Unsure whether 72, 150 or 300",Picks the right dpi for the viewing distance,image-resolution-explained,poster-specific answer,"What dpi a poster should be, by size and viewing distance",dpi for poster printing,"dpi for print quality, poster resolution, 150 dpi vs 300 dpi",M,M,"Size calculator, print setup demo, presets at 300 dpi",quick answer + calculator,Open the size calculator,"prepare-a-poster-for-print, image-resolution-explained",2,live
a5 flyer size in pixels,Print preparation,informational,beginner,Needs the number,Sets up 1748 × 2480 (1820 × 2552 with bleed) and knows why,"size-presets, workflow-print-flyer",reference row exists; needs the with-bleed number and calculator,"A5 flyer size in pixels, mm and inches, with bleed",a5 flyer size pixels,"a5 size 300 dpi, a5 flyer design size, a5 with bleed",M,M,"A5 flyer preset, calculator",reference,Open the A5 flyer preset,"size-presets, workflow-print-flyer",4,planned
business card size in pixels,Print preparation,informational,brand owner,Needs the number and a warning about the preset,Exports the right file for cards,export-for-print,card-specific quick answer (the 96 dpi trap),Business card size in pixels and how to export one that prints right,business card size pixels,"what is the size for a business card, 85x55 in pixels, 3.5x2 in pixels",M,M,Business card preset; PNG route because PDF sizes at 96 dpi,reference + fix,Open the Business card preset,"export-for-print, size-presets",4,planned
print ready file checklist,Print preparation,workflow,freelancer,Sending files to a printer for a client,A checklist to run before every send,"designing-for-print, delivering-files",a standalone checklist page,The print handover checklist,print ready checklist,"what to send to a printer, artwork checklist, print file requirements",M,M,Studio Deliver package,checklist,Build the package in Studio,"prepare-a-poster-for-print, delivering-files",3,planned
poster sizes in pixels,Print preparation,informational,beginner,"Needs A3, A2, A1 and US sizes in pixels","One table, one calculator",size-presets,poster sizes table with bleed,Poster sizes in pixels at 150 and 300 dpi,poster size in pixels,"a3 in pixels, a2 in pixels, 18x24 in pixels, poster sizes",M,M,Calculator; Poster preset,reference,Open the Poster preset,"prepare-a-poster-for-print, size-presets",4,planned
why does my print look blurry,Blurry and low resolution,informational,beginner,Print came back soft,"Finds the cause (upscaled photo, 72 ppi, wrong document size) and fixes it",printed-design-looks-blurry,"none, live",Why your printed design looks blurry (and the three fixes),print looks blurry,"printed image blurry, why is my poster blurry, blurry when printed",L,H,"Image size dialog resolution readout, view at 100%, presets, print setup demo",problem guide + interactive,Check a design in the Editor,"image-resolution-explained, prepare-a-poster-for-print",1,live
image is blurry how to fix,Blurry and low resolution,informational,beginner,Image looks soft on screen or in a design,Knows when it can be sharpened and when it must be replaced,image-resolution-explained,fix-oriented guide,"How to fix a blurry image, and when you cannot",fix blurry image,"can you fix blurry photos, make image less blurry, sharpen image",M,M,"Sharpen filter, Upscale in AI tools if present, resize rules",problem guide,Open the Editor,"retouching, ai-on-this-device",3,live
resize image without losing quality,Blurry and low resolution,informational,beginner,Needs a bigger or smaller image without softness,"Understands down is safe, up is lossy, and the limits",crop-and-canvas,quick answer plus the maths,Resize an image without losing quality: what is possible,resize image without losing quality,"enlarge image without losing quality, crop image without losing resolution",H,M,Image size dialog with resample; export scale,explainer,Open the Editor,"image-resolution-explained, crop-and-canvas",3,live
what is dpi,Blurry and low resolution,informational,beginner,"Confused by dpi, ppi and resolution",One clear definition with numbers,image-resolution-explained,definition entry,"DPI, PPI and resolution explained in one page",what is dpi,"dpi vs ppi, dpi meaning, image resolution examples",H,L,Resolution field in Image size,explainer,Open the Editor,image-resolution-explained,4,existing
how to check image resolution,Blurry and low resolution,informational,beginner,Wants to know if a photo is big enough,Reads pixel size and works out print size,image-resolution-explained,step-by-step check,How to check whether an image is big enough to print,check image resolution,"image resolution checker, is my image high resolution, image resolution vs size",M,M,"Image size dialog, status bar dpi",how-to,Open the Editor,image-resolution-explained,3,live
facebook cover image looks blurry,Blurry and low resolution,informational,marketing person,Uploaded a cover and it went soft,Exports at the right size and format,"export-for-screen, size-presets",platform-specific export advice,"Why social images look blurry after upload, and how to export them",image looks blurry after upload,"facebook cover blurry, instagram post blurry, email signature image blurry",M,M,"Export at 2x, PNG vs JPG, presets",problem guide,Export from the Editor,"export-for-screen, designing-for-social",3,live
image resolution vs size,Blurry and low resolution,informational,beginner,"Confuses pixel size, file size and physical size","Three sizes, one diagram",image-resolution-explained,diagram,"Pixel size, file size and print size are three different things",image resolution vs size,"image size vs resolution, image resolution formula",M,M,Image size dialog,explainer + diagram,Open the Editor,image-resolution-explained,4,planned
how to make image resolution higher,Blurry and low resolution,informational,beginner,Wants more pixels,Knows upscaling limits and the on-device option if present,ai-on-this-device,honest answer,Can you increase image resolution? What upscaling does and does not do,increase image resolution,"image resolution enhancer, image resolution upscaler, make image resolution higher",H,M,On-device AI tools where available,explainer,Open the Editor,image-resolution-explained,3,live
dpi and print size,Blurry and low resolution,informational,beginner,Wants the relationship,Uses the calculator,image-resolution-explained,calculator,Pixels to print size: the calculator,pixels to inches at 300 dpi,"dpi and print size, how many pixels for a4, pixel to cm converter",M,M,Size calculator,reference + calculator,Open the size calculator,prepare-a-poster-for-print,4,planned
image looks pixelated and blurry,Blurry and low resolution,informational,beginner,"Two symptoms, one cause",Understands scaling,image-resolution-explained,symptom page,Pixelated or blurry? What each look tells you about the image,image looks pixelated,"pixelated image fix, why is my image pixelated",M,M,Zoom to 100%,problem guide,Open the Editor,image-resolution-explained,3,live
how to edit a psd without photoshop,PSD without Photoshop,informational,"designer, marketing person","Has a PSD, no Photoshop",Edits it and exports what is needed,edit-a-psd-without-photoshop,"none, live",How to edit a PSD without Photoshop,edit psd without photoshop,"can you edit a psd file, edit psd file, psd editing",M,H,"PSD import with report, missing fonts dialog",guide,Open a PSD in the Editor,"import-psd-and-pdf, workflow-psd-to-social",1,live
how to open psd file for free,PSD without Photoshop,commercial,beginner,Just needs to open and see it,"Opens it in the browser, layers intact",edit-a-psd-without-photoshop,quick path for viewers,"Open a PSD file for free, in the browser, with the layers",open psd file free,"psd viewer online, open psd online, how to open psd files for free",M,M,"Ctrl+O, drop on start screen",how-to,Open the Editor,edit-a-psd-without-photoshop,2,live
psd not opening,PSD without Photoshop,informational,designer,File will not open,"Knows the causes (flattened, damaged, huge) and fixes",import-psd-and-pdf,troubleshooting entry,PSD will not open: the five causes and what to ask for,psd not opening,"can't open psd file, psd file corrupt, psd no layers",L,M,Error messages in the Editor,troubleshooting,Open the Editor,"import-psd-and-pdf, troubleshooting",3,live
psd to png,PSD without Photoshop,informational,beginner,Needs a flat image from a PSD,Exports PNG with transparency preserved,export-for-screen,conversion how-to,Convert a PSD to PNG (with transparency) without Photoshop,psd to png,"psd to jpg, psd to pdf, convert psd online",M,M,"Open PSD, Export PNG",how-to,Open the Editor,"edit-a-psd-without-photoshop, export-for-screen",3,live
open psd on android,PSD without Photoshop,commercial,beginner,On a phone,Opens it in the mobile Editor and knows the limits,designing-on-a-phone,mobile angle,Open and edit a PSD on a phone or tablet,open psd on android,"edit psd on iphone, psd on ipad, psd viewer mobile",M,M,Mobile Editor,how-to,Open the Editor,"designing-on-a-phone, edit-a-psd-without-photoshop",3,planned
what is a smart object,PSD without Photoshop,informational,designer,Report says smart objects became pixels,Understands why and what to ask for,import-psd-and-pdf,definition + workaround,Smart objects outside Photoshop: what happens to them,smart object psd,"smart object meaning, smart object to layer",L,M,Import report,explainer,Open the Editor,edit-a-psd-without-photoshop,4,planned
psd missing fonts,PSD without Photoshop,informational,designer,Text reflowed,Replaces or loads the font,import-psd-and-pdf,dedicated fix page,Missing fonts in a PSD: replace them or load the file,psd missing fonts,"font missing photoshop file, substitute font psd",L,M,"Some fonts are missing dialog, Add font file",how-to,Open the Editor,"type, edit-a-psd-without-photoshop",3,live
is psd file editable,PSD without Photoshop,informational,beginner,"Received a PSD, unsure","Yes, with limits, listed",edit-a-psd-without-photoshop,answered in the live guide,Is a PSD editable without Photoshop?,is psd editable,"can you edit a psd file, psd editable",L,M,PSD import,quick answer,Open the Editor,edit-a-psd-without-photoshop,2,live
psd editor online free,PSD without Photoshop,commercial,beginner,Wants a tool,Lands in the Editor with a PSD open,edit-a-psd-without-photoshop,landing angle rather than Learn,A PSD editor in the browser: what to expect,psd editor online,"online psd editor free, editing psd files online",M,M,Editor,comparison,Open the Editor,edit-a-psd-without-photoshop,3,live
how to convert cmyk psd to rgb,PSD without Photoshop,informational,print designer,Colours shifted on import,Knows the conversion happened and how to correct,import-psd-and-pdf,colour mode note,CMYK PSDs open as RGB: what changes and how to correct it,cmyk psd to rgb,"psd colours look different, psd colour mode",L,L,Import converts to RGB; adjustment layers,explainer,Open the Editor,colour-that-works,5,planned
free photoshop alternative browser,Photoshop alternatives and switching,commercial,designer,Wants Photoshop-like editing without install or subscription,Understands what carries over and opens the Editor,editor-tour,a migration guide instead of a listicle,"Coming from Photoshop: what carries over, what is different",photoshop alternative browser,"free photoshop alternative no download, online photoshop alternative, photoshop without subscription",H,M,"Editor: layers, masks, adjustments, PSD import, shortcuts",migration guide,Open the Editor,"edit-a-psd-without-photoshop, keyboard-shortcuts, masks",2,live
photoshop alternative no subscription,Photoshop alternatives and switching,commercial,freelancer,Cancelling Creative Cloud,A checklist of what a freelancer needs and where it lives,editor-tour,freelancer angle,Leaving Creative Cloud as a freelancer: a checklist,photoshop alternative no subscription,"cancel adobe subscription designer, photoshop replacement freelance",M,M,Editor + Studio,checklist,Open Studio,"studio-overview, file-formats",3,live
photoshop shortcuts equivalent,Photoshop alternatives and switching,informational,designer,Muscle memory,A side-by-side table,keyboard-shortcuts,comparison table,"Photoshop shortcuts that work here, and the ones that differ",photoshop shortcuts,"photoshop keyboard shortcuts list, shortcuts like photoshop",M,M,Shortcut sheet,reference,Open the Editor,"keyboard-shortcuts, command-palette-and-menus",4,planned
best photoshop alternative for youtube thumbnails,Photoshop alternatives and switching,commercial,marketing person,Makes thumbnails weekly,A thumbnail workflow with the preset and export,size-presets,use-case page,Make YouTube thumbnails without Photoshop,photoshop alternative youtube thumbnails,"youtube thumbnail maker free no watermark, thumbnail size 1280x720",M,M,"YouTube thumbnail preset, type, layer styles, export",workflow,Open the YouTube thumbnail preset,"type, layer-styles, export-for-screen",3,live
how to posterize in photopea,Photoshop alternatives and switching,informational,designer,Tool-specific how-to,Does it here in one click,stylise-effects,effect-specific landing,"Posterize an image (any tool, one click here)",posterize image,"posterize effect, posterize online, how to posterize in gimp",L,M,Posterize effect,how-to + demo,Open Effects,stylise-effects,3,live
photoshop for beginners,Photoshop alternatives and switching,informational,beginner,"Wants to learn image editing, defaults to Photoshop",Learns the concepts in a free tool,editor-tour,concept-first course,"Image editing for beginners: layers, masks and adjustments without Photoshop",image editing for beginners,"photoshop for beginners, learn photo editing, photo editing basics",H,L,Editor,course,Open the Editor,"layers, masks, adjustment-layers",5,planned
photopea vs voidcanvas,Photoshop alternatives and switching,commercial,designer,Comparing browser editors,Honest feature table,what-is-voidcanvas,comparison page,"Voidcanvas and Photopea compared, honestly",photopea alternative,"photopea vs, browser photo editor comparison",M,M,"Privacy, offline, Studio, Effects",comparison,Open the Editor,"privacy-and-data, what-is-voidcanvas",5,planned
photoshop alternative for linux,Photoshop alternatives and switching,commercial,designer,No Photoshop on Linux,Desktop app for Linux,desktop-app,platform angle,A layered image editor on Linux: the desktop app,photoshop alternative linux,"image editor linux free, photoshop for ubuntu",M,M,Linux desktop build,how-to,Download for Linux,"desktop-app, install-as-an-app",3,planned
photoshop alternative for ipad,Photoshop alternatives and switching,commercial,designer,Edits on an iPad,Uses the mobile Editor with a pencil,designing-on-a-phone,tablet angle,"Layered image editing on an iPad, in the browser",photoshop alternative ipad,"image editor ipad free, layers app ipad browser",M,M,"Mobile Editor, pen pressure",how-to,Open the Editor,designing-on-a-phone,3,planned
what is photopea,Photoshop alternatives and switching,informational,beginner,Heard of browser editors,Understands the category and the privacy question,privacy-and-data,category explainer,Browser-based image editors: how they work and what to check,browser based image editor,"what does browser based mean, web based design tools, online editor privacy",L,M,On-device processing,explainer,Read what is sent,privacy-and-data,4,planned
can i clipping mask in canva,Canva limits,informational,marketing person,Hit a Canva limit,Learns the technique and where it exists,masks,technique page written for people arriving from Canva,"Clipping masks: the technique Canva hides, done properly",clipping mask,"can i clipping mask in canva, clipping mask online, clip image to text",L,H,Clipping masks (Alt+Ctrl+G),how-to,Open the Editor,"masks, type",2,planned
can i change blend mode in canva,Canva limits,informational,marketing person,Wants multiply or screen,Understands blend modes and uses them,blend-modes-and-opacity,Canva arrival angle,"Blend modes explained (multiply, screen, overlay) with examples",blend modes,"how to blend modes in canva, multiply blend mode, screen blend mode",M,M,Blend modes on every layer,explainer + demo,Open the Editor,blend-modes-and-opacity,2,planned
can i halftone in canva,Canva limits,informational,marketing person,Wants the effect,Makes it here in a minute,make-a-halftone-portrait,covered by the live guide,How to make a halftone portrait,halftone in canva,"how to make halftone effect in canva, halftone canva",L,H,Halftone tool,guide,Open the Halftone tool,make-a-halftone-portrait,1,live
how to make newspaper effect in canva,Canva limits,informational,marketing person,Wants the look,Halftone + grain + duotone recipe,make-a-halftone-portrait,recipe,"The newspaper photo effect: halftone, grain and a warm tint",newspaper effect,"newspaper photo effect, halftone newspaper effect, vintage newspaper look",L,M,"Halftone, Film Grain, Duotone filters",recipe + demo,Open Effects,"make-a-halftone-portrait, colour-effects",3,live
can i print designs from canva,Canva limits,informational,brand owner,Worried about print quality from web tools,Knows what any tool must give a printer,designing-for-print,tool-agnostic answer,Printing a design made in a browser tool: what the printer needs,print designs from web tool,"can i print canva designs at home, print quality from canva, export for print online tool",M,M,"PDF at 300 dpi, bleed",explainer,Start a print design,prepare-a-poster-for-print,3,planned
what can i use instead of canva,Canva limits,commercial,brand owner,Outgrew templates or wants privacy,An honest comparison by need,what-is-voidcanvas,"comparison by need, not a listicle","Instead of Canva: choose by what you need (privacy, print, layers, clients)",canva alternative,"what is similar to canva, canva alternatives free, design studio vs canva",H,L,"Privacy, layers, Studio",comparison,Open the Editor,"privacy-and-data, studio-overview",5,planned
can i share brand kit on canva,Canva limits,informational,brand owner,Sharing brand assets with a team,Brands library and teams,"brands-library, teams",team angle,Share a brand kit with your team (without a paid seat),share brand kit,"brand kit team, shared brand assets, brand kit for freelancers",M,M,"Brands library, Teams",how-to,Open Studio,"brands-library, teams, brand-kit",3,planned
how to make a risograph effect in canva,Canva limits,informational,designer,Wants riso,Full recipe,workflow-textured-print-look,query-shaped front door,How to make a risograph effect (no Photoshop),risograph effect,"riso effect online, risograph look, misregistration effect",M,H,Effects + Editor workflow,guide + demo,Open Effects,"workflow-textured-print-look, make-a-halftone-portrait",2,planned
can i resize images in canva,Canva limits,informational,marketing person,Resize limits,Resize to every format,resize-to-every-format,Canva arrival,"Resize one design to every size (free, no Pro plan)",resize design free,"magic resize free alternative, resize design to all sizes",M,H,Resize to every format,how-to,Open the Editor,resize-to-every-format,2,planned
can i upload my brand guidelines to canva,Canva limits,informational,brand owner,Wants guidelines applied in the tool,Builds guidelines that export to a kit,brand-guidelines,guideline-to-kit flow,From brand guidelines to a working brand kit,brand guidelines to brand kit,"apply brand guidelines, brand kit from guidelines",M,M,"Brand guideline builder, brand kit",how-to,Open the brand guideline builder,"brand-guidelines, brand-kit",3,planned
how to make a halftone portrait,Halftone,informational,designer,Wants the look,"Live example, tool, print advice",make-a-halftone-portrait,"none, live",How to make a halftone portrait,halftone portrait,"halftone effect, how to make halftone effect, halftone image",M,H,"Halftone tool, filter layer",guide + demo,Open the Halftone tool,"quick-tools, artistic-effects",1,live
halftone effect for screen printing,Halftone,informational,print designer,Needs settings a screen printer can use,"Cell size from lpi, export at final size",make-a-halftone-portrait,FAQ covers it; a dedicated page for printers,Halftone settings for screen printing and DTF,halftone for screen printing,"best halftone settings for screen printing, halftone effect for dtf, halftone lpi",M,H,"Dot size to lpi maths, PNG at 300 dpi",how-to,Open the Halftone tool,"make-a-halftone-portrait, designing-for-print",2,live
halftone effect vector svg,Halftone,informational,designer,Wants vector dots,Knows the tool is raster and the print-safe route,make-a-halftone-portrait,honest limits page,Halftone as vector or raster: what you need for print and cut,vector halftone,"halftone effect svg, halftone vector, halftone for cricut",M,L,Raster halftone at final size,explainer,Open the Halftone tool,file-formats,5,planned
what is halftone effect,Halftone,informational,beginner,Definition,Understands and sees it,make-a-halftone-portrait,covered,What a halftone is,what is halftone,"contone vs halftone, halftone meaning, ben day dots vs halftone",M,M,Demo,explainer,Open the Halftone tool,make-a-halftone-portrait,2,live
halftone effect background,Halftone,informational,designer,Wants a halftone gradient background,Makes one from a gradient,make-a-halftone-portrait,background recipe,Make a halftone gradient background,halftone background,"halftone pattern background, halftone gradient, dot gradient",M,M,Gradient fill + Halftone filter,recipe,Open the Editor,"colour-and-swatches, filters-in-the-editor",3,live
halftone risograph effect,Halftone,informational,designer,Combines two looks,Recipe,workflow-textured-print-look,exists as workflow,Make a risograph or screen-print look,halftone riso,"riso halftone, screen print halftone poster",M,H,Effects + Editor,workflow,Open Effects,workflow-textured-print-look,2,existing
halftone effect for video,Halftone,informational,designer,Wants motion,Learns still route; video out of scope,make-a-halftone-portrait,scope note,Halftone for stills (and where video is out of scope),halftone video,"halftone effect after effects, halftone davinci resolve",M,L,Stills only,note,Open the Halftone tool,make-a-halftone-portrait,5,planned
halftone brush free,Halftone,commercial,designer,Wants brushes,Uses the filter and a mask instead,make-a-halftone-portrait,alternative technique,You do not need halftone brushes: filter plus mask,halftone brush,"free halftone brushes, halftone brush procreate",M,M,Filter layer with eraser mask,how-to,Open the Editor,"filters-in-the-editor, masks",3,live
comic book effect,Halftone,informational,designer,Wants comic look,Recipe: halftone + posterize + outline,make-a-halftone-portrait,recipe,"The comic book photo effect: halftone, posterize, outline",comic book effect,"how to make comic book effect, comic effect online, pop art portrait",M,H,"Halftone, Posterize, Edge Detect, blend modes",recipe + demo,Open Effects,"make-a-halftone-portrait, stylise-effects",2,live
halftone dots after effects,Halftone,navigational,motion designer,Wrong tool for us,Redirect to still version,,out of scope,,halftone after effects,,H,L,none,skip,,,5,skip
dither effect online,"Effects: dither, glitch, duotone, riso, vintage",commercial,designer,Wants the look,Tool page + explanation,quick-tools,explainer for the tool,"Dithering explained: threshold, patterns and when to use it",dither effect,"dithering effect generator, dither image online, floyd steinberg dither",M,M,"Dither tool, filter",explainer + demo,Open the Dither tool,"quick-tools, artistic-effects",2,live
glitch effect online free,"Effects: dither, glitch, duotone, riso, vintage",commercial,designer,Wants the look,Tool page + control explanation,quick-tools,explainer,"The glitch effect: slices, offset and RGB shift explained",glitch effect online,"glitch image generator, glitch photo effect, datamosh effect",M,M,"Glitch tool, RGB Shift, Pixel Sort",explainer + demo,Open the Glitch tool,"quick-tools, distortion-effects",2,live
how to make a duotone,"Effects: dither, glitch, duotone, riso, vintage",informational,designer,Wants two-colour photo,"Picks colours, applies, exports",colour-effects,query-shaped guide with demo,How to make a duotone image (and pick the two colours),duotone image,"duotone effect, duotone online, spotify duotone effect",M,H,Duotone effect with two colour pickers,guide + demo,Open Effects,"colour-effects, colour-that-works",2,live
how to make a risograph effect,"Effects: dither, glitch, duotone, riso, vintage",informational,designer,Wants riso,Full recipe,make-a-risograph-effect,"none, live",How to make a risograph effect,risograph effect,"riso effect, risograph texture, risograph look online",M,H,"Effects + Editor, live duotone",guide + demo,Open Effects,"workflow-textured-print-look, make-a-halftone-portrait",1,live
vintage photo effect,"Effects: dither, glitch, duotone, riso, vintage",informational,beginner,Wants old-photo look,Recipe,"colour-effects, texture-effects",recipe,"The vintage photo effect: fade, grain, warmth, vignette",vintage photo effect,"retro photo effect, old photo effect, film look",H,M,"Vintage, Film Grain, Vignette effects",recipe + demo,Open Effects,"colour-effects, texture-effects",3,live
photo to sketch,"Effects: dither, glitch, duotone, riso, vintage",informational,beginner,Wants pencil look,"One click, then tune",artistic-effects,query-shaped,Turn a photo into a pencil sketch,photo to sketch,"how do i turn a picture into a sketch, pencil sketch effect, photo to drawing",H,M,Pencil Sketch effect,how-to + demo,Open Effects,artistic-effects,3,live
pixel sort,"Effects: dither, glitch, duotone, riso, vintage",informational,designer,Heard the term,Understands and uses it,distortion-effects,definition,What pixel sorting is and how to use it,what is pixel sorting,"pixel sort effect, pixel sorting online",L,M,Pixel Sort effect,explainer + demo,Open Effects,distortion-effects,3,live
screen print effect,"Effects: dither, glitch, duotone, riso, vintage",informational,designer,Wants screen-print look,Recipe,workflow-textured-print-look,exists,Make a risograph or screen-print look,screen print effect,"screen printing effect online, silkscreen effect",M,H,Effects + Editor,workflow,Open Effects,workflow-textured-print-look,2,existing
film grain effect,"Effects: dither, glitch, duotone, riso, vintage",informational,designer,Wants texture,Knows amount and when,texture-effects,recipe,Add film grain that looks like film,film grain effect,"add grain to photo, film grain overlay, noise vs grain",M,M,"Film Grain, Noise",how-to + demo,Open Effects,"texture-effects, make-your-design-look-less-generic",3,live
crt effect,"Effects: dither, glitch, duotone, riso, vintage",informational,designer,Wants retro screen look,Recipe,distortion-effects,recipe,The CRT and scanline look,crt effect,"scanlines effect, vhs effect online, retro tv effect",M,M,"CRT, Scanlines, RGB Shift",recipe + demo,Open Effects,"distortion-effects, texture-effects",3,live
remove background from image free,Photo editing and background removal,commercial,beginner,Wants a cutout,"Does it on device, refines edge",remove-background,quick answer + privacy angle,Remove a background on your device,remove background,"background remover free, remove bg without upload, transparent png maker",H,H,On-device model,how-to,Open the Editor,"masks, selections",1,existing
photo editor that doesn't upload your photos,Photo editing and background removal,commercial,privacy-minded,Does not trust cloud tools,Understands how to verify and uses the Editor,photo-editor-that-does-not-upload,"none, live",Photo editors that do not upload your photos: how to tell,photo editor no upload,"private photo editor, offline photo editor browser, does canva upload my photos",L,H,Every request listed; on-device AI; the two tests,explainer,Read what is sent,"privacy-and-data, ai-on-this-device",1,live
how to retouch a photo,Photo editing and background removal,informational,beginner,"Blemishes, tone",Non-destructive retouch,retouching,exists,"Retouch photos with the brush, heal and clone tools",retouch photo,"photo retouching for beginners, remove blemishes online",H,M,"Heal, clone, adjustment layers",guide,Open the Editor,workflow-portrait-retouch,2,existing
how to make a photo look professional,Photo editing and background removal,informational,beginner,Snapshot to usable photo,Five moves,adjustment-layers,recipe,Make a photo look professional in five moves,make photo look professional,"edit photos like a pro, photo editing tips beginners",H,M,"Crop, curves, white balance, sharpen, export",recipe,Open the Editor,"adjustment-layers, crop-and-canvas",3,live
edit photos on laptop free,Photo editing and background removal,commercial,beginner,No software installed,"Browser editor, works offline",editor-tour,landing angle,Edit photos on a laptop without installing anything,edit photos laptop free,"photo editor for pc free no download, photo editing on chromebook",M,M,"Editor, install as app",how-to,Open the Editor,"editor-tour, install-as-an-app",3,live
crop image into circle,Photo editing and background removal,informational,beginner,Round avatar,"Ellipse mask, transparent PNG",masks,micro how-to,Crop an image into a circle (transparent PNG),crop image into circle,"circle crop online, round profile picture maker",M,M,"Ellipse selection, mask, PNG",how-to,Open the Editor,"selections, masks, export-for-screen",3,live
crop image to passport size,Photo editing and background removal,informational,beginner,Specific size,"Custom size, crop, print",crop-and-canvas,micro how-to,Crop a photo to passport size,passport photo size crop,"passport photo 35x45 pixels, crop to passport size online",M,L,"Crop with fixed ratio, custom size",how-to,Open the Editor,crop-and-canvas,5,planned
how to refine a cutout edge,Photo editing and background removal,informational,designer,Hair and fuzzy edges,Refine with select and mask,"remove-background, selections",edge-specific,"Fix the edge of a cutout: hair, fur and halos",refine cutout edge,"remove white edge from cutout, hair selection, feather mask",M,M,"Select and mask, feather, brush on mask",how-to,Open the Editor,"selections, masks",3,live
batch resize images,Photo editing and background removal,informational,marketing person,"Many images, one size",Knows what the Editor batches and what it does not,resize-to-every-format,honest scope,Batch resize images: what a design tool can and cannot do,batch resize images,"batch resize photos, resize multiple images at once",H,L,"Resize to every format is one design to many sizes, not many photos to one",explainer,Open the Editor,resize-to-every-format,5,planned
transparent png,Photo editing and background removal,informational,beginner,Needs transparency,Exports PNG with alpha,export-for-screen,micro how-to,Make a transparent PNG,transparent png,"png with transparent background, export transparent png",H,M,"PNG export, remove background",how-to,Open the Editor,"remove-background, export-for-screen",3,live
how to create brand guidelines,Brand identity and consistency,informational,"brand owner, freelancer",Needs a guideline document,Builds one with checks and exports,brand-guidelines,exists; needs the query-shaped front door,Build a brand guideline,create brand guidelines,"brand guidelines examples, brand style guide, brand book",H,M,Brand guideline builder,guide,Open the brand guideline builder,"building-a-brand-identity, brand-guideline-exports",1,existing
brand consistency examples,Brand identity and consistency,informational,marketing person,Wants to see it and do it,"The mechanics: kit, master, formats",keep-a-brand-consistent,"none, live",How to keep a brand consistent,brand consistency,"why is brand consistency important, how to keep branding consistent, brand consistency on social media",H,M,"Brand kit, brands library with checks, resize",guide,Open Studio,"brand-kit, brands-library, resize-to-every-format",1,live
what to include in a brand kit,Brand identity and consistency,informational,brand owner,Assembling assets,A list and the kit itself,brand-kit,quick answer,What goes in a brand kit,brand kit contents,"brand kit examples, brand kit checklist",H,L,Brand kit,quick answer,Open the Editor,brand-kit,3,existing
brand identity checklist,Brand identity and consistency,workflow,freelancer,Running a brand project,Checklist tied to the builder,building-a-brand-identity,checklist page,The brand identity checklist,brand identity checklist,"brand identity components, brand identity assets, brand identity deliverables",M,M,Guideline builder tabs,checklist,Open Studio,"building-a-brand-identity, workflow-client-brand-guideline",3,planned
logo clear space,Brand identity and consistency,informational,designer,Writing logo rules,Rules with numbers,brand-guidelines,section-level page,Logo clear space and minimum size: how to set the rules,logo clear space,"logo exclusion zone, logo minimum size, logo rules",M,M,Logo rules in the builder,explainer,Open the brand guideline builder,brand-guidelines,3,planned
brand colour palette generator,Brand identity and consistency,commercial,brand owner,Wants a palette,Ramps with contrast checks,colour-that-works,builder angle,Build a brand colour palette that passes contrast,brand colour palette,"brand color palette generator, colour palette for brand, accessible brand colours",H,M,"Colour ramps, WCAG checks",how-to,Open the brand guideline builder,"colour-that-works, brand-guidelines",2,live
design tokens json,Brand identity and consistency,informational,developer,Handoff to code,Exports tokens,brand-guideline-exports,developer angle,"Brand guidelines to design tokens, CSS and Tailwind",design tokens export,"brand colours to css variables, tailwind theme from brand, tokens json",M,M,"Tokens JSON, CSS, Tailwind exports",how-to,Open the brand guideline builder,brand-guideline-exports,3,existing
brand identity for small business,Brand identity and consistency,informational,brand owner,Doing it without an agency,A minimum viable identity,building-a-brand-identity,audience angle,"A brand identity for a small business, in a weekend",brand identity small business,"branding for small business diy, small business logo colours fonts",H,M,"Builder, kit, presets",workflow,Open Studio,"building-a-brand-identity, brand-guidelines",3,planned
brand guidelines online free,Brand identity and consistency,commercial,brand owner,Wants a free tool,Uses the builder,brand-guidelines,landing angle,"Make brand guidelines online, free, no account",brand guidelines online free,"brand guidelines tool, brand guidelines maker",M,M,Builder,how-to,Open the brand guideline builder,brand-guidelines,3,planned
font pairing for brand,Brand identity and consistency,informational,designer,Choosing two typefaces,Pairs by personality,typography-fundamentals,brand angle,Font pairing for a brand: choose by personality,font pairing,"font pairing generator, best font combinations, heading and body fonts",H,M,Type tab personalities,guide,Open the brand guideline builder,"typography-fundamentals, brand-guidelines",3,planned
social media sizes and safe zones,Social content and many formats,informational,marketing person,Text under the interface,Sizes and safe zones per platform,"designing-for-social, size-presets",safe zones with a diagram,Social media sizes and safe zones (2026),social media sizes safe zones,"social media sizes chart, instagram story safe zone, social media sizes in pixels",H,M,"Presets, guides",reference + diagram,Start a social post,"designing-for-social, size-presets",2,live
what is instagram post size,Social content and many formats,informational,beginner,Needs the number,Uses the preset,size-presets,quick answer,Instagram post size: 1080 × 1350 and why,instagram post size,"instagram post size ratio, instagram post size vs facebook, instagram story size",H,L,Instagram post preset,quick answer,Open the Instagram post preset,"size-presets, designing-for-social",4,existing
resize one design to multiple sizes,Social content and many formats,informational,marketing person,Every platform from one master,Uses Resize to every format,resize-to-every-format,exists,Resize one design to every format,resize design to multiple sizes,"one design multiple formats, resize for every social platform",M,H,Resize to every format,guide,Open the Editor,workflow-social-campaign,1,existing
how to make social media graphics,Social content and many formats,informational,beginner,Wants to make posts,Rules and mechanics,designing-for-social,exists,Design social posts that read on a phone,social media graphics,"social media design for beginners, how to design social media post",H,M,"Presets, brand kit",guide,Start a social post,resize-to-every-format,2,existing
how to design social media templates,Social content and many formats,informational,marketing person,Reusable series,Template system in the Editor,templates-and-versions,series angle,Design a social template system you can reuse weekly,social media templates design,"how to design templates, social media template system, post series design",M,M,"Templates, brand kit, boards",workflow,Open the Editor,"templates-and-versions, designing-for-social",3,planned
youtube thumbnail size,Social content and many formats,informational,marketing person,Needs the number and legibility rules,Preset + rules,size-presets,thumbnail page,YouTube thumbnail size and the three legibility rules,youtube thumbnail size,"thumbnail size 1280x720, youtube thumbnail maker free",H,M,YouTube thumbnail preset,quick answer + rules,Open the YouTube thumbnail preset,"size-presets, type",3,live
linkedin banner size,Social content and many formats,informational,marketing person,Needs the number and safe zone,Preset + safe zone,size-presets,banner page,LinkedIn banner size and where the photo covers it,linkedin banner size,"linkedin cover size, linkedin banner safe area",H,L,LinkedIn banner preset,quick answer,Open the LinkedIn banner preset,size-presets,4,planned
story size pixels,Social content and many formats,informational,beginner,Needs the number,Preset,size-presets,quick answer,Story and Reel cover size,story size pixels,"instagram story size, reel cover size, tiktok size",H,L,Story preset,quick answer,Open the Story preset,size-presets,4,existing
carousel post design,Social content and many formats,informational,marketing person,Multi-slide post,Boards side by side,artboards,carousel angle,Design an Instagram carousel with boards,carousel post design,"instagram carousel size, seamless carousel design",M,M,"Boards, export each board",how-to,Open the Editor,"artboards, designing-for-social",3,planned
adapt poster to instagram,Social content and many formats,informational,designer,Print to screen,Reflow rules,resize-to-every-format,print-to-social angle,Adapt a poster for social without squashing it,adapt poster for instagram,"poster to social media post, resize poster for instagram",L,M,Resize to every format,how-to,Open the Editor,"resize-to-every-format, designing-for-social",3,planned
how to manage client design projects,Client work and freelancing,informational,freelancer,Chaos between brief and delivery,A four-stage process with a tool,run-a-client-design-project,"none, live","How to run a client design project (brief, directions, review, delivery)",manage client design projects,"client design process, freelance graphic design workflow, design project management",M,H,Studio,guide,Start a job in Studio,"studio-overview, start-a-job-from-a-brief, delivering-files",1,live
design brief example,Client work and freelancing,informational,"freelancer, brand owner",Needs to write or read one,What a brief must contain to start work,start-a-job-from-a-brief,example and template,A design brief that actually starts the job (example and template),design brief example,"what is a design brief, design brief template, how to write a design brief",H,M,Brief reader,template,Open Studio,start-a-job-from-a-brief,2,live
client feedback examples,Client work and freelancing,informational,freelancer,Getting usable feedback,How to ask and record decisions,directions-and-review,feedback-specific,Get client feedback you can act on (and record the answer),client feedback design,"client feedback graphic design, how to ask for design feedback, design review round",M,M,Directions and review rounds,guide,Open Studio,"directions-and-review, review-and-delivery-links",2,live
what is handoff,Client work and freelancing,informational,freelancer,Term in a contract,Definition and a delivery list,delivering-files,definition,Design handoff: what it means and what you hand over,design handoff,"what is handoff, design handoff checklist, handoff to client",M,M,Delivery package,explainer,Open Studio,"delivering-files, brand-guideline-exports",3,planned
versioning explained,Client work and freelancing,informational,freelancer,final_final_v3,A naming and versioning scheme,"delivering-files, templates-and-versions",versioning page,File naming and versioning for design work,design file versioning,"versioning examples, how designers organise files, file naming convention design",M,M,"Versions, delivery naming",guide,Open Studio,"delivering-files, templates-and-versions",3,live
how to present design to client,Client work and freelancing,informational,freelancer,Presenting options,Two or three directions with a decision,directions-and-review,presentation angle,Present design directions so the client can decide,present design to client,"design presentation to client, how many design options to show",M,M,Directions,guide,Open Studio,directions-and-review,3,planned
mood board examples,Client work and freelancing,informational,designer,Starting a job,Reference boards with palettes,references-and-palettes,exists,Collect references and pull palettes from them,mood board,"mood board examples, how to make a mood board, reference board",H,M,Reference boards,guide,Open Studio,references-and-palettes,3,existing
design review process,Client work and freelancing,workflow,freelancer,Rounds without end,Bounded rounds with recorded answers,directions-and-review,process page,A design review process with an end,design review process,"design review example, review rounds, revision limits",M,M,Review rounds,guide,Open Studio,directions-and-review,3,planned
send design proof to client,Client work and freelancing,informational,freelancer,Sharing for approval,"A review link, no account for the client",review-and-delivery-links,exists,Send review and delivery links to clients,design proof link,"share design for approval, client review link",M,M,Review links,how-to,Open Studio,review-and-delivery-links,3,existing
what files to send to a client,Client work and freelancing,informational,freelancer,Deliverables list,The delivery package by job type,delivering-files,by-job-type table,"What files to deliver to a client, by job type",design deliverables list,"deliverables graphic design, what files to give client logo, final files designer",M,M,Delivery package,reference,Open Studio,"delivering-files, file-formats",3,planned
what is a layer mask,Editor techniques,informational,beginner,Concept,Uses one,masks,exists,Hide and show parts of a layer with masks,layer mask,"how to use a layer mask, layer mask vs clipping mask",H,M,Masks,guide,Open the Editor,selections,2,existing
what is an adjustment layer,Editor techniques,informational,beginner,Concept,Uses curves and levels,adjustment-layers,exists,Change colour and tone with adjustment layers,adjustment layer,"curves vs levels, non destructive editing",H,M,Adjustment layers,guide,Open the Editor,masks,2,existing
how to add text to an image,Editor techniques,informational,beginner,Caption a photo,Type tool and styles,type,exists,Add and style text,add text to image,"add text to photo online, text on image free",H,M,Type tool,guide,Open the Editor,layer-styles,2,existing
how to outline text,Editor techniques,informational,beginner,Legible text on a photo,Stroke layer style,layer-styles,micro how-to,Outline text so it reads on any photo,outline text,"text stroke, add outline to text online, text with border",M,M,Stroke layer style,how-to,Open the Editor,"layer-styles, type",3,live
how to use my own font,Editor techniques,informational,designer,Brand font,Loads a font file,type,micro how-to,Use your own font file in a browser editor,upload font,"use custom font online editor, add font file, local fonts",M,M,"Local fonts, Add font file",how-to,Open the Editor,"type, brand-kit",3,live
what are artboards,Editor techniques,informational,beginner,Term,Uses boards,artboards,definition,Artboards (boards) explained,what are artboards,"artboards vs pages, artboard meaning",M,L,Boards,explainer,Open the Editor,artboards,4,existing
how to align layers,Editor techniques,informational,beginner,Things do not line up,Align and distribute,groups-align-guides,exists,"Group, align and space layers precisely",align layers,"distribute evenly, smart guides",M,M,Align tools,guide,Open the Editor,layout-and-composition,3,existing
how to make a gradient,Editor techniques,informational,beginner,Gradient background,Gradient fill,colour-and-swatches,micro how-to,Make a gradient (and make it not look like 2012),gradient background,"gradient maker, mesh gradient, gradient fill",H,M,Gradient fill,how-to,Open the Editor,"colour-and-swatches, colour-that-works",3,live
how to make text on a path,Editor techniques,informational,designer,Curved text,Type on path,shapes-and-pen,micro how-to,Put text on a curve or a path,text on a path,"curved text online, text on circle",M,M,Type on path,how-to,Open the Editor,"shapes-and-pen, type",3,live
how to make a drop shadow look real,Editor techniques,informational,designer,Shadows look fake,Settings that work,layer-styles,craft note,"Drop shadows that look real: distance, blur, opacity",realistic drop shadow,"drop shadow settings, soft shadow, long shadow",M,M,Drop shadow style,how-to,Open the Editor,layer-styles,3,live
offline graphic design software free,"Private, offline and browser-based",commercial,designer,"No connection, or distrust",Installs and works offline,install-as-an-app,answer for browser tools,Graphic design software that works offline (including in a browser),offline graphic design software,"design app that works offline, graphic design offline, offline photo editor",M,M,"PWA, desktop app",explainer,Install the app,"install-as-an-app, desktop-app",2,live
what does browser based mean,"Private, offline and browser-based",informational,beginner,Term,Understands where the work happens,privacy-and-data,definition with the privacy angle,Browser-based design tools: where your files actually go,browser based design tools,"what does browser based mean, web based design tools, browser based vs desktop",L,M,On-device architecture,explainer,Read what is sent,"privacy-and-data, what-is-voidcanvas",3,planned
design tool no account,"Private, offline and browser-based",commercial,privacy-minded,Hates sign-ups,Uses it without one,what-is-voidcanvas,no-account angle,Design without an account: what you keep and what you give up,design tool no sign up,"ai design no sign up, graphic design no account, photo editor no sign up",L,M,No account required; optional sync,explainer,Open the Editor,"account-and-sync, saving-and-your-files",3,planned
does canva upload my photos,"Private, offline and browser-based",informational,privacy-minded,Privacy question,General answer plus how to check any tool,privacy-and-data,how-to-check page,How to check whether a web tool uploads your images,does design tool upload my photos,"is canva private, photo editor privacy, upload vs local processing",L,H,Network panel walkthrough; privacy page,how-to,Read what is sent,privacy-and-data,2,planned
private photo editor,"Private, offline and browser-based",commercial,privacy-minded,Sensitive photos,Uses a local editor and a private session,private-session,exists,Use a private session on a shared computer,private photo editor,"photo editor private mode, incognito photo editing",L,M,Private session,guide,Open the Editor,"private-session, privacy-and-data",3,existing
design app for chromebook,"Private, offline and browser-based",commercial,student,Chromebook only,Browser app installs,install-as-an-app,device angle,Graphic design on a Chromebook,graphic design chromebook,"photo editor chromebook free, design software chromebook",M,M,PWA,how-to,Install the app,install-as-an-app,3,planned
gdpr photo editing tool,"Private, offline and browser-based",informational,professional,Compliance,Understands local processing and what is sent,privacy-and-data,compliance angle,Editing client images without sending them anywhere,gdpr design tool,"data protection design software, client photos privacy",L,M,Local processing,explainer,Read what is sent,privacy-and-data,4,planned
design software no internet,"Private, offline and browser-based",commercial,designer,Travelling,Desktop app,desktop-app,exists,Use Voidcanvas as an app on your computer,design software no internet,"offline design app windows, offline design mac",M,M,Desktop app,guide,Download the app,desktop-app,3,existing
where are my files saved browser app,"Private, offline and browser-based",informational,beginner,Fear of losing work,Knows where and how to back up,saving-and-your-files,exists,Where your designs are saved and how to keep them safe,where are my designs saved,"browser storage design files, indexeddb designs, back up designs",L,M,"IndexedDB, .void export",guide,Open the Editor,saving-and-your-files,3,existing
ai without uploading,"Private, offline and browser-based",informational,privacy-minded,Wants AI tools locally,On-device models,ai-on-this-device,exists,Use the AI tools that run on your device,on device ai image editing,"local ai photo editor, ai background removal no upload",L,H,On-device models,guide,Open the Editor,ai-on-this-device,2,existing
how to make my design look less generic,Design craft and learning,informational,beginner,It looks like a template,Six moves,make-your-design-look-less-generic,"none, live",How to make a design look less generic,design look less generic,"why does my design look amateur, make design look professional",L,H,"Guides, type scale, filters",guide + demo,Open the Editor,"typography-fundamentals, layout-and-composition",1,live
poster design rules,Design craft and learning,informational,beginner,Wants principles,Five rules with examples,layout-and-composition,poster-specific,Poster design rules that hold up,poster design rules,"how to design a good poster, poster design principles, poster design ideas",M,M,"Guides, type",craft guide,Start a poster in the Editor,"prepare-a-poster-for-print, typography-fundamentals",2,live
poster design without image,Design craft and learning,informational,beginner,No photo,Type-led poster,typography-fundamentals,type-only poster,Design a poster with no photo,poster without image,"typography poster, text only poster design, flyer design without image",L,H,"Type, shapes, halftone texture",craft guide,Start a poster in the Editor,"typography-fundamentals, make-a-halftone-portrait",2,live
how to pair fonts,Design craft and learning,informational,beginner,Two fonts clash,Pairing rules,typography-fundamentals,exists as section,Set type that reads well,font pairing,"font pairing rules, best font combinations",H,M,Type tab,guide,Open the Editor,typography-fundamentals,2,existing
colour theory for designers,Design craft and learning,informational,beginner,Palettes that work,"Ramps, contrast, print",colour-that-works,exists,Choose colours that work on screen and in print,colour theory,"colour palette design, colour scheme generator",H,M,Colour ramps,guide,Open the brand guideline builder,colour-that-works,2,existing
visual hierarchy,Design craft and learning,informational,beginner,Nothing stands out,Hierarchy levers,layout-and-composition,exists as section,"Lay out a page with a grid, space and a clear focal point",visual hierarchy,"visual hierarchy examples, hierarchy in design",H,M,Guides,guide,Open the Editor,layout-and-composition,3,existing
graphic design basics,Design craft and learning,informational,beginner,Where to start,The learn route,learn-design goal,goal page,I want to learn graphic design (the route),graphic design basics,"graphic design for beginners, learn graphic design free, can i learn graphic design on my own",H,L,Craft guides,route,Open the Editor,"typography-fundamentals, layout-and-composition, colour-that-works",3,live
flyer design ideas,Design craft and learning,informational,brand owner,Inspiration,"Structure, not inspiration",workflow-print-flyer,redirect to method,Flyer design that works: structure before decoration,flyer design,"flyer design ideas, flyer layout, flyer design size",H,L,A5 flyer preset,craft guide,Open the A5 flyer preset,"workflow-print-flyer, layout-and-composition",3,planned
what is white space,Design craft and learning,informational,beginner,Term,Uses it,layout-and-composition,definition,White space: what it does and how much to leave,white space design,"negative space, white space examples",H,L,"Margins, guides",explainer,Open the Editor,layout-and-composition,4,planned
design terms explained,Design craft and learning,informational,beginner,Jargon,Glossary,glossary,exists,Glossary of design and Voidcanvas terms,graphic design glossary,"design terminology, bleed meaning, raster meaning",M,L,Glossary,reference,Open the Editor,glossary,4,existing
png vs jpg,File formats and templates,informational,beginner,Which to export,Rule of thumb,"export-for-screen, file-formats",quick answer,"PNG, JPG or WebP: which to export",png vs jpg,"png vs jpeg vs webp, best image format for web, jpg or png for print",H,L,Export dialog,quick answer,Export from the Editor,"export-for-screen, file-formats",4,existing
vector vs raster,File formats and templates,informational,beginner,Term,Understands and knows what the Editor is,file-formats,definition,Vector and raster: the difference and what it means for your file,vector vs raster,"raster image meaning, vector file, svg vs png",H,L,Raster editor with vector shapes and paths,explainer,Open the Editor,"file-formats, shapes-and-pen",4,planned
design file types,File formats and templates,informational,beginner,Which files,Table,file-formats,exists,File formats you can open and export,design file types,"common graphic design file formats, design file formats explained",M,M,Import and export,reference,Open the Editor,file-formats,4,existing
export pdf online free,File formats and templates,commercial,beginner,Needs a PDF,Exports one,export-for-print,exists,"Export for print: PDF, dpi and bleed",export design as pdf,"image to pdf design, pdf export online",H,L,PDF export,guide,Export a PDF,export-for-print,3,existing
what is a void file,File formats and templates,navigational,user,Own format,Understands .void,"saving-and-your-files, file-formats",exists,The .void project file,void file,".void format, void.png, voidcanvas project file",L,M,.void,reference,Open the Editor,file-formats,4,existing
free design templates,File formats and templates,commercial,beginner,Wants templates,Presets and own templates; honest,templates-and-versions,honest scope,"Templates in Voidcanvas: presets, your own templates, and what there is not",design templates,"free graphic design templates, poster templates, flyer templates",H,L,"Save as template, presets",explainer,Open the Editor,templates-and-versions,5,planned
save design as template,File formats and templates,informational,marketing person,Reuse layouts,Templates,templates-and-versions,exists,Save templates and restore versions,save as template,"reusable design template, template from design",M,M,Templates,guide,Open the Editor,templates-and-versions,3,existing
svg export,File formats and templates,informational,designer,Needs vector out,"Knows paths export as SVG, the rest does not",file-formats,scope note,What you can export as SVG,svg export,"export path as svg, convert design to svg",M,L,"Copy SVG, Export SVG for paths",explainer,Open the Editor,"shapes-and-pen, file-formats",4,planned
webp vs png,File formats and templates,informational,developer,Web performance,Picks WebP with exceptions,export-for-screen,quick answer,WebP or PNG for the web,webp vs png,"webp quality, webp transparency",M,L,WebP export,quick answer,Export from the Editor,export-for-screen,4,planned
pdf pages to images,File formats and templates,informational,designer,Reuse a PDF,Opens pages as layers,import-psd-and-pdf,exists,"Open PSD, PDF and other files",pdf to image layers,"open pdf as image, pdf page to png",M,M,PDF import,guide,Open the Editor,import-psd-and-pdf,3,existing
ai graphic design tools,AI in design (experimental),commercial,beginner,Curious,Understands on-device vs cloud,ai-on-this-device,position piece,AI in a design tool without losing control: on-device tools only,ai graphic design,"ai design tools, ai image editing, ai design no sign up",H,L,On-device AI,explainer,Open the Editor,"ai-on-this-device, privacy-and-data",5,planned
ai background removal,AI in design (experimental),commercial,beginner,Wants it,On device,remove-background,exists,Remove a background on your device,ai background removal,ai remove background free,H,M,On-device model,guide,Open the Editor,remove-background,2,existing
ai photo editing not working,AI in design (experimental),informational,beginner,Cloud tool failed,Local alternative,ai-on-this-device,redirect,When cloud AI editing fails: what runs locally,ai photo editing not working,"chatgpt image editing not working, gemini photo editing not working",L,L,On-device tools,note,Open the Editor,ai-on-this-device,5,planned
expand image with ai,AI in design (experimental),informational,designer,Needs more canvas,Expand with AI fill if present,"crop-and-canvas, ai-on-this-device",feature page,Expand an image with AI fill (on your device),expand image ai,"outpaint image, extend background ai",M,M,Expand with AI fill…,how-to,Open the Editor,"crop-and-canvas, ai-on-this-device",3,planned
ai poster generator,AI in design (experimental),commercial,beginner,Wants a poster made,Understands what AI cannot do and the route,make-a-poster goal,position piece,Why an AI poster generator gives you a generic poster,ai poster generator,"poster design ai, ai flyer maker",H,L,Craft guides,opinion,Start a poster in the Editor,make-your-design-look-less-generic,5,planned
ai brand identity generator,AI in design (experimental),commercial,brand owner,Wants a brand generated,Builder with human decisions,brand-guidelines,position piece,Brand identity generators and what to do after one,ai brand identity,"brand identity ai, ai logo maker brand kit",H,L,Builder,opinion,Open the brand guideline builder,building-a-brand-identity,5,planned
select subject ai,AI in design (experimental),informational,designer,Wants auto selection,Select subject if present,selections,feature page,Select a subject automatically,select subject,"auto select object, ai selection",M,M,"Select subject, object select",how-to,Open the Editor,"selections, remove-background",3,planned
ai upscale image,AI in design (experimental),commercial,beginner,Wants more pixels,Honest answer,image-resolution-explained,covered by resolution cluster,Can you increase image resolution?,ai upscale,"image upscaler free, upscale image 4k",H,L,AI tools if present,explainer,Open the Editor,image-resolution-explained,5,planned
generative fill without photoshop,AI in design (experimental),informational,designer,Wants generative fill,Expand with AI fill and limits,ai-on-this-device,comparison,Generative fill outside Photoshop: what runs in a browser,generative fill alternative,"generative fill free, ai fill online",H,L,Expand with AI fill,explainer,Open the Editor,ai-on-this-device,5,planned
is ai design private,AI in design (experimental),informational,privacy-minded,Worried about training data,Local models,ai-on-this-device,privacy angle,AI tools that never see your image,private ai image editing,"local ai image editing, ai without cloud",L,M,On-device models,explainer,Read what is sent,"ai-on-this-device, privacy-and-data",3,planned
